"","cluster","centrality","density","size","cluster_title","cluster_members","sample_members","department","centrality_std","density_std"
"1",1,3.85,0.178947368421053,20,"motivasi belajar","motivasi belajar; game online; bermain; altruisme; experiential learning; kekerasan; layanan bimbingan klasikal; ketekunan belajar; mobile legends; waktu; pascapandemi; beasiswa; kemampuan pengelolaan emosi; pembelajaran daring; prososial; nonbeasiswa; penelitian tindakan; motivasi; pendapat siswa; judi online","motivasi belajar; game online; bermain; altruisme; experiential learning; kekerasan; layanan bimbingan klasikal; ketekunan belajar; mobile legends; waktu","BK",1.6294228227396,-1.79286171829224
"2",2,3.42857142857143,0.133333333333333,21,"resiliensi","resiliensi; pola asuh demokratis; self esteem; berpacaran; toxic relationship; pacaran; generasi z; pola asuh otoriter; kekerasan verbal; agresivitas; dewasa awal; kematangan karier; modul; relawan; sosial; bertanggung jawab; gaya kelekatan dewasa; hidup sehat; kepemimpinan heroik; overthinking; putus cinta","resiliensi; pola asuh demokratis; self esteem; berpacaran; toxic relationship; pacaran; generasi z; pola asuh otoriter; kekerasan verbal; agresivitas","BK",1.2666074724941,-1.92715221087808
"3",3,4.375,0.464285714285714,8,"fenomenologi","fenomenologi; bekerja; kebahagiaan; paruh waktu; manajemen waktu; pasangan pranikah; seksual; kejenuhan belajar","fenomenologi; bekerja; kebahagiaan; paruh waktu; manajemen waktu; pasangan pranikah; seksual; kejenuhan belajar","BK",2.08140465736747,-0.952808279781391
"4",4,4.34615384615385,0.138461538461538,26,"remaja","remaja; kepercayaan diri; harga diri; orang tua; dukungan sosial; fear of missing out; media sosial; perantau; teman sebaya; instagram; identitas diri; konsumtif; nonperantau; line; perceraian; regulasi; role player; produk online; smartphone; strategi coping; asertif; cyberbullying; emotional focused coping; komunikasi interpersonal; organisasi kemahasiswaan; prestasi belajar","remaja; kepercayaan diri; harga diri; orang tua; dukungan sosial; fear of missing out; media sosial; perantau; teman sebaya; instagram","BK",2.05657049062968,-1.91205446319092
"5",5,3.25,0.287878787878788,12,"studi kasus","studi kasus; panti asuhan; regulasi emosi; nonpanti asuhan; penari tradisional; penyakit menular seksual; pms; tari klasik; adaptasi sosial; bipolar; keunggualan pribadi; begadang","studi kasus; panti asuhan; regulasi emosi; nonpanti asuhan; penari tradisional; penyakit menular seksual; pms; tari klasik; adaptasi sosial; bipolar","BK",1.11287215459346,-1.4721609964876
"6",6,3.57142857142857,0.119047619047619,28,"studi deskriptif","studi deskriptif; penerimaan diri; kebermaknaan hidup sosial; pemaafan diri; rantau; self acceptance; self forgiveness; efikasi diri; kecerdasan emosional; kesejahteraan psikologis; layanan konseling individual; aktivis; amputasi; batak; body image; cerai gugat; diabetes; dunia kerja; janda; kecemasan; minat; resiliensi diri; pemilihan karier; anhedonia; body shaming; homoseksual; pendidikan karakter persaudaraan; prokrastinasi","studi deskriptif; penerimaan diri; kebermaknaan hidup sosial; pemaafan diri; rantau; self acceptance; self forgiveness; efikasi diri; kecerdasan emosional; kesejahteraan psikologis","BK",1.38959572681461,-1.96921022229233
"7",7,3.33333333333333,0.242424242424242,12,"jenis kelamin","jenis kelamin; pemimpin; pola asuh permisif; organisasi mahasiswa; profil sosial; wanita; anak usia dini; full day school; kematangan emosional; sosial emosi; pubertas; manajemen stres akademik","jenis kelamin; pemimpin; pola asuh permisif; organisasi mahasiswa; profil sosial; wanita; anak usia dini; full day school; kematangan emosional; sosial emosi","BK",1.18461530294709,-1.60598194189657
"8",8,1,1,2,"asal sekolah","asal sekolah; toleransi beragama","asal sekolah; toleransi beragama","BK",-0.82419285095457,0.624367148252819
"9",9,3.61538461538462,0.256410256410256,13,"asrama","asrama; indekos; keluarga; konsep diri; rumah; kesepian; penyesuaian diri; emotional quotient; kondisi keluarga asli; lingkungan sosial; perilaku konsumtif; memilih; kecemasan komunikasi interpersonal","asrama; indekos; keluarga; konsep diri; rumah; kesepian; penyesuaian diri; emotional quotient; kondisi keluarga asli; lingkungan sosial","BK",1.42743826660554,-1.56480626638612
"10",10,3,0.6,6,"bimbingan kelompok","bimbingan kelompok; kemandirian; komik; media; home room; membolos","bimbingan kelompok; kemandirian; komik; media; home room; membolos","BK",0.897642709532567,-0.553257171346057
"11",11,2.25,0.666666666666667,4,"persepsi","persepsi; hasil belajar; kedisiplinan; calon mahasiswa","persepsi; hasil belajar; kedisiplinan; calon mahasiswa","BK",0.251954374349891,-0.35698645141291
"12",12,2,1,3,"daya juang akademik","daya juang akademik; pembelajaran offline; pembelajaran online","daya juang akademik; pembelajaran offline; pembelajaran online","BK",0.0367249292889989,0.624367148252819
"13",13,2,1,3,"dunia malam","dunia malam; keterlibatan; tanggung jawab akademik","dunia malam; keterlibatan; tanggung jawab akademik","BK",0.0367249292889989,0.624367148252819
"14",14,1,1,2,"formasi cerdas dan humanis","formasi cerdas dan humanis; minat belajar","formasi cerdas dan humanis; minat belajar","BK",-0.82419285095457,0.624367148252819
"15",15,1,1,2,"gadget","gadget; interaksi sosial","gadget; interaksi sosial","BK",-0.82419285095457,0.624367148252819
"16",16,1,1,2,"gangguan gadget","gangguan gadget; kedisiplinan belajar","gangguan gadget; kedisiplinan belajar","BK",-0.82419285095457,0.624367148252819
"17",17,3,1,4,"gaya hidup","gaya hidup; hedonisme; konformitas; lingkungan pertemanan","gaya hidup; hedonisme; konformitas; lingkungan pertemanan","BK",0.897642709532567,0.624367148252819
"18",18,1,1,2,"gender","gender; problem solving","gender; problem solving","BK",-0.82419285095457,0.624367148252819
"19",19,2,1,3,"hiperrealitas","hiperrealitas; interaksi parasosial; k-pop","hiperrealitas; interaksi parasosial; k-pop","BK",0.0367249292889989,0.624367148252819
"20",20,3,1,4,"humaniora","humaniora; nonhumaniora; problem focused coping; studi komparatif","humaniora; nonhumaniora; problem focused coping; studi komparatif","BK",0.897642709532567,0.624367148252819
"21",21,2.44444444444444,0.277777777777778,9,"interpersonal","interpersonal; komunitas kebaya; konsumsi; kecanduan; minumal beralkohol; waria; keharmonisan keluarga; merokok; penari","interpersonal; komunitas kebaya; konsumsi; kecanduan; minumal beralkohol; waria; keharmonisan keluarga; merokok; penari","BK",0.419355053841692,-1.50189898435626
"22",22,1,1,2,"karakter","karakter; kerja sama","karakter; kerja sama","BK",-0.82419285095457,0.624367148252819
"23",23,1,1,2,"keaktifan berorganisasi","keaktifan berorganisasi; prokrastinasi akademik","keaktifan berorganisasi; prokrastinasi akademik","BK",-0.82419285095457,0.624367148252819
"24",24,1,1,2,"kecemasan akademik","kecemasan akademik; mahasiswa baru","kecemasan akademik; mahasiswa baru","BK",-0.82419285095457,0.624367148252819
"25",25,1,1,2,"kecerdasan spiritual","kecerdasan spiritual; personal branding","kecerdasan spiritual; personal branding","BK",-0.82419285095457,0.624367148252819
"26",26,1,1,2,"kepribadian","kepribadian; kreativitas mengajar","kepribadian; kreativitas mengajar","BK",-0.82419285095457,0.624367148252819
"27",27,2,1,3,"kesiapan berwirausaha","kesiapan berwirausaha; minat berwirausaha; wirausaha","kesiapan berwirausaha; minat berwirausaha; wirausaha","BK",0.0367249292889989,0.624367148252819
"28",28,1,1,2,"kestabilan emosi","kestabilan emosi; seni karawitan","kestabilan emosi; seni karawitan","BK",-0.82419285095457,0.624367148252819
"29",29,1,1,2,"konseling industri","konseling industri; sikap","konseling industri; sikap","BK",-0.82419285095457,0.624367148252819
"30",30,1,1,2,"makna hidup","makna hidup; single parent","makna hidup; single parent","BK",-0.82419285095457,0.624367148252819
"31",31,1,1,2,"mappi","mappi; rusuh","mappi; rusuh","BK",-0.82419285095457,0.624367148252819
"32",32,1,1,2,"motivasi berprestasi akademik","motivasi berprestasi akademik; narkotika","motivasi berprestasi akademik; narkotika","BK",-0.82419285095457,0.624367148252819
"33",33,1,1,2,"motivasi kerja","motivasi kerja; petani","motivasi kerja; petani","BK",-0.82419285095457,0.624367148252819
"34",34,1,1,2,"motivasi penyusunan skripsi","motivasi penyusunan skripsi; stres","motivasi penyusunan skripsi; stres","BK",-0.82419285095457,0.624367148252819
"35",35,1,1,2,"novel","novel; tekanan psikologis","novel; tekanan psikologis","BK",-0.82419285095457,0.624367148252819
"36",36,1,1,2,"point of view","point of view; skizofrenia","point of view; skizofrenia","BK",-0.82419285095457,0.624367148252819
"37",1,6.8,0.138461538461538,40,"iman","iman; anak; media; digital; keluarga; pewartaan; orang tua; video; doa bersama; instagram; keluarga katolik; pendidik; remaja; aplikasi; design thinking; doa; e-katolik; formatio iman berjenjang; formatio iman berkelanjutan; metode pastoral; peran; youtube; ecclesia domestica; facebook; keluarga kawin campur; komunitas; media sosial; pendidikan seksualitas; perempuan; putra putri altar; pendampingan pastoral; pewarta; podcast; asisten imam; karakter; pastoral belas kasih; orang sakit; suster; persekutuan; tantangan hidup berkeluarga","iman; anak; media; digital; keluarga; pewartaan; orang tua; video; doa bersama; instagram","PAK",2.22875756112898,-1.37032556915201
"38",2,5.14705882352941,0.110516934046346,34,"orang muda katolik","orang muda katolik; katekese; penghayatan; hidup menggereja; keterlibatan; devosi; audio visual; film; hidup memasyarakat; partisipasi aktif; santa theresia; sakramen penguatan; christus vivit; hidup bermasyarakat majemuk; keikutsertaan; kisah sengsara yesus; maria; paus fransiskus; studi kasus; permasalahan hidup; peragaan; toleransi beragama; ekumene; evaluasi; hidup perkawinan; minat; srawung lintas iman; sakramen rekonsiliasi; remaja katolik; shared christian praxis; reksa pastoral jangka panjang; renungan harian; moderasi beragama; sakramen ekaristi","orang muda katolik; katekese; penghayatan; hidup menggereja; keterlibatan; devosi; audio visual; film; hidup memasyarakat; partisipasi aktif","PAK",1.17714755607835,-1.44312211483201
"39",3,4.36,0.163333333333333,25,"pendidikan agama katolik","pendidikan agama katolik; budi pekerti; guru; tpack; lingkungan hidup; pendidikan karakter; kultur sekolah; materi pembelajaran; sakramen babtis; circle paradigma; hasil belajar; kesadaran; laudato si'; pembelajaran berdiferensiasi; pendidikan dominikan; problem based learning; sabda bahagia; veritas; kesulitan belajar; pembelajaran berbasis projek; pembelajaran kontekstual; strategi pembelajaran; terlibat dalam pelestarian; charitas persaudaraan; kebangkitan dan kenaikan yesus ke surga","pendidikan agama katolik; budi pekerti; guru; tpack; lingkungan hidup; pendidikan karakter; kultur sekolah; materi pembelajaran; sakramen babtis; circle paradigma","PAK",0.676416528762424,-1.30553378592878
"40",4,4.58333333333333,0.152173913043478,24,"spiritualitas","spiritualitas; bunda maria; gua maria; peziarah; suster yunior; kesehatan mental; teladan hidup; dewan pastoral paroki; film pendek; hidup berkomunitas; ignasian; ketaatan; keutamaan maria; maria hamba allah; pengampunan; santo yusup; tugas pelayanan; agama katolik; kongregasi masf; misdinar; pendiri; santo tarsisius; makna hidup; prodiakon","spiritualitas; bunda maria; gua maria; peziarah; suster yunior; kesehatan mental; teladan hidup; dewan pastoral paroki; film pendek; hidup berkomunitas","PAK",0.818502388282311,-1.33460441569411
"41",5,4.66666666666667,0.5,9,"ekologis","ekologis; pastoral; pertobatan; ekologi; ensiklik laudato si'; pelestarian; kinerja perutusan; kunjungan lansia; pelayanan usia lanjut","ekologis; pastoral; pertobatan; ekologi; ensiklik laudato si'; pelestarian; kinerja perutusan; kunjungan lansia; pelayanan usia lanjut","PAK",0.871519500043467,-0.428506864566855
"42",6,4.8,0.173684210526316,20,"umat","umat; pemahaman; lansia; adorasi; keaktifan; sakramen mahakudus; perayaan ekaristi; doa rosario; hidup berbangsa; injil; lectio divina; misi; novena kebangsaan; visi; buku cetak; inkulturasi; kunjungan pastoral; minggu; tarian adat; karya kerasulan","umat; pemahaman; lansia; adorasi; keaktifan; sakramen mahakudus; perayaan ekaristi; doa rosario; hidup berbangsa; injil","PAK",0.95634687886131,-1.27856943555861
"43",7,4,1,5,"alleluya","alleluya; keberterimaan; mazmur tanggapan; nyanyian; teori difusi inovasi","alleluya; keberterimaan; mazmur tanggapan; nyanyian; teori difusi inovasi","PAK",0.447382605954243,0.874008365178576
"44",8,3,1,4,"anak alam","anak alam; metode mengajar; pendidikan alternatif; sekolah sanggar","anak alam; metode mengajar; pendidikan alternatif; sekolah sanggar","PAK",-0.18882273517959,0.874008365178576
"45",9,2,1,3,"berdoa","berdoa; online; whatshapp","berdoa; online; whatshapp","PAK",-0.825028076313423,0.874008365178576
"46",10,4.61538461538461,0.320512820512821,13,"persaudaraan","persaudaraan; budaya; ekaristi; imlek; inkulturatif; katekese kebangsaan; manusiawi; perjumpaan; tionghoa; fransiskan; santo fransiskus; kaum muda; persekutuan umat","persaudaraan; budaya; ekaristi; imlek; inkulturatif; katekese kebangsaan; manusiawi; perjumpaan; tionghoa; fransiskan","PAK",0.838893585113522,-0.896076434219059
"47",11,2,1,3,"daya tarik","daya tarik; motivasi; ziarah","daya tarik; motivasi; ziarah","PAK",-0.825028076313423,0.874008365178576
"48",12,3,0.6,6,"tantangan","tantangan; hidup berkeluarga; kristiani; zaman modern; kesetiaan; perkawinan","tantangan; hidup berkeluarga; kristiani; zaman modern; kesetiaan; perkawinan","PAK",-0.18882273517959,-0.168003818617769
"49",13,2,1,3,"iklim pembelajaran","iklim pembelajaran; pendidikan pemerdekaan; religiusitas","iklim pembelajaran; pendidikan pemerdekaan; religiusitas","PAK",-0.825028076313423,0.874008365178576
"50",14,2,1,3,"jenis kelamin","jenis kelamin; profil keluarga kristiani; sikap ketarakanitaan","jenis kelamin; profil keluarga kristiani; sikap ketarakanitaan","PAK",-0.825028076313423,0.874008365178576
"51",15,1,1,2,"katekese bersama lansia","katekese bersama lansia; usia senja","katekese bersama lansia; usia senja","PAK",-1.46123341744726,0.874008365178576
"52",16,3,1,4,"kebahagiaan","kebahagiaan; kesejahteraan; pasutri; perkawinan katolik","kebahagiaan; kesejahteraan; pasutri; perkawinan katolik","PAK",-0.18882273517959,0.874008365178576
"53",17,2,1,3,"kedalaman iman","kedalaman iman; pedagogi reflektif; refleksi","kedalaman iman; pedagogi reflektif; refleksi","PAK",-0.825028076313423,0.874008365178576
"54",18,2.66666666666667,0.466666666666667,6,"orang muda","orang muda; kepengurusan; lintas iman; panggilan; paroki; toleransi","orang muda; kepengurusan; lintas iman; panggilan; paroki; toleransi","PAK",-0.400891182224199,-0.515341213216549
"55",19,1,1,2,"motivasi belajar","motivasi belajar; spiritualitas ignasian","motivasi belajar; spiritualitas ignasian","PAK",-1.46123341744726,0.874008365178576
"56",1,5.97435897435897,0.11336032388664,39,"berbicara","berbicara; keterampilan berbicara; video; mendengarkan; instagram; kesalahan; bahan ajar tambahan; bahan ajar; keterampilan mendengarkan; tiktok; bermain peran; kata benda; pengucapan; pembelajaran berbasis gim; diftong; bahasa gaul; berbicara publik; dialek digital; kepercayaan diri; klub; pembelajaran berbasis tugas; messenger; autonomi; gelar wicara; komunikasi; takarir; lintas budaya; akurasi; berbicara spontan; formasi kata; hambatan; idiom; kecerdasan majemuk; kehidupan spiritual; kemampuan berbicara; whole brain teaching; pola diftong; konten edukasi; respons kritis","berbicara; keterampilan berbicara; video; mendengarkan; instagram; kesalahan; bahan ajar tambahan; bahan ajar; keterampilan mendengarkan; tiktok","PBI",1.55122069615731,-1.23224047429358
"57",2,3.78571428571429,0.252747252747253,14,"lagu","lagu; lirik; album musik; bahasa figuratif; duka cita; metafora; tahapan berduka; video musik; broken home; sosiologi; afiks infleksi; fonologi; hiperbola; film serial","lagu; lirik; album musik; bahasa figuratif; duka cita; metafora; tahapan berduka; video musik; broken home; sosiologi","PBI",0.293871317652326,-0.866140962970592
"58",3,4.6,0.0663461538461538,65,"film","film; novel; analisis tokoh; motivasi; tokoh utama; skrip; kepribadian; perkembangan kepribadian; buku; kata; moral; nilai pendidikan; nonfiksi; feminisme; feminisme liberal; dampak negatif; gaya bahasa; ketekunan; manusia; relasi; serial film; studi psikoanalisis; tokoh minor; teknologi; antagonis; aktualisasi diri; analisis psikologis; analisis sosiolinguistik; fitur bahasa; konflik psikologis; mekanisme coping; pembelaan diri; realitas psikologis; trauma; trauma masa kecil; slang; identitas ganda; tanggung jawab; trader; strategi coping; trauma psikologis; ekspresi idiomatik; analisis biografi; bom atom; bunuh diri; ciri-ciri kepribadian; debat presidensial; diskriminasi gender; elemen intrinsik; karakter minor; kecerdasan spiritual; kedewasaan emosional; kepemimpinan; literasi; maskulinitas hegemonik; skrip film; studi gender; sejarah; puisi; karakteristik; pidato politik; jenis kelamin; perlindungan diri; cinta; mekanisme pertahanan diri","film; novel; analisis tokoh; motivasi; tokoh utama; skrip; kepribadian; perkembangan kepribadian; buku; kata","PBI",0.761668416968909,-1.35572310510962
"59",4,6.84444444444444,0.119191919191919,45,"persepsi","persepsi; menulis; tata bahasa; kecemasan; ai; pengalaman hidup; menulis akademik; motivasi belajar; pengetahuan; kecemasan berbicara; presentasi; teks deskriptif; teks naratif; chatgpt; keterampilan menulis; canva; digital; hasil belajar; keterampilan menjelaskan; kompetensi menulis; menjelaskan; perangkat lunak; storytelling; simulasi; flipped learning; efikasi diri; keyakinan; literasi digital; parafrase; partisipasi; quillbot; bahasa asing; film bisu; grammarly; mind mapping; padlet; pengalaman; twitter; aktivitas pembelajaran; daftar kata akademik; menulis deskriptif; metode pengajaran; penghargaan; metakognitif; organisasi","persepsi; menulis; tata bahasa; kecemasan; ai; pengalaman hidup; menulis akademik; motivasi belajar; pengetahuan; kecemasan berbicara","PBI",2.05107406693704,-1.21692379999027
"60",5,6.34615384615385,0.178461538461538,26,"kosakata","kosakata; game; media; permainan; kartu; media pembelajaran; kata sifat; aplikasi; korelasi; wordwall; cerita; flashcard; kitab suci; mobile; papan; ular tangga; ekspresi bahasa; keterampilan membaca; percakapan sehari-hari; telop; akhiran; gambar; game online; monopoli; mobile legends; klausa","kosakata; game; media; permainan; kartu; media pembelajaran; kata sifat; aplikasi; korelasi; wordwall","PBI",1.76481226422135,-1.06125225439932
"61",6,4.14285714285714,0.263736263736264,14,"membaca","membaca; kooperatif; komprehensi; website; jigsaw; buku cerita; identitas seminarian; membaca ekstensif; minat; minat baca; mreader; analisis butir soal; istilah; peminjaman leksikal","membaca; kooperatif; komprehensi; website; jigsaw; buku cerita; identitas seminarian; membaca ekstensif; minat; minat baca","PBI",0.499045484019245,-0.837278345895336
"62",7,4.52941176470588,0.205882352941176,17,"keterlibatan","keterlibatan; kolaborasi; berpikir kritis; pembelajaran kolaboratif; gamifikasi; keterampilan bahasa inggris; media sosial; penggemar; sepak bola; google docs; keterlibatan afektif; pembelajaran daring; refleksi; keterampilan kolaborasi; keterlibatan perilaku; nearpod; pendekatan berbasis genre","keterlibatan; kolaborasi; berpikir kritis; pembelajaran kolaboratif; gamifikasi; keterampilan bahasa inggris; media sosial; penggemar; sepak bola; google docs","PBI",0.721116346439915,-0.989231535791539
"63",8,3.69230769230769,0.269230769230769,13,"umpan balik","umpan balik; pengajaran; umpan balik sejawat; pendahuluan; penutupan; performa mengajar; kelas mikro; keterampilan menanya; keterampilan penegasan; keterampilan pengajaran; menanya; penegasan; stimulus","umpan balik; pengajaran; umpan balik sejawat; pendahuluan; penutupan; performa mengajar; kelas mikro; keterampilan menanya; keterampilan penegasan; keterampilan pengajaran","PBI",0.240210381833281,-0.822847037357709
"64",9,4,0.208333333333333,16,"guru","guru; pascapandemi; studi kasus; tantangan; bahasa inggris; bahasa pengantar; hukuman; kelakuan buruk; kurikulum merdeka; lms; akm; kelas luring; kesiapan; kesulitan; keterampilan sosial; merdeka belajar","guru; pascapandemi; studi kasus; tantangan; bahasa inggris; bahasa pengantar; hukuman; kelakuan buruk; kurikulum merdeka; lms","PBI",0.416975817472478,-0.98279404031642
"65",10,1,1,2,"abstrak","abstrak; evaluasi","abstrak; evaluasi","PBI",-1.30648718000968,1.09651699814682
"66",11,3.2,0.6,5,"alih kode","alih kode; youtube; campur kode; vlog; siniar","alih kode; youtube; campur kode; vlog; siniar","PBI",-0.0426143151894305,0.0459177366074968
"67",12,1,1,2,"analisis karakter","analisis karakter; teori kebutuhan","analisis karakter; teori kebutuhan","PBI",-1.30648718000968,1.09651699814682
"68",13,1,1,2,"analisis ucapan","analisis ucapan; arkatipe","analisis ucapan; arkatipe","PBI",-1.30648718000968,1.09651699814682
"69",14,3.33333333333333,0.466666666666667,6,"buku teks","buku teks; gender; citra; swaajar; representasi gender; turis","buku teks; gender; citra; swaajar; representasi gender; turis","PBI",0.0339840402542188,-0.304282017238942
"70",15,2,1,3,"bunyi schwa","bunyi schwa; surah; terjemahan","bunyi schwa; surah; terjemahan","PBI",-0.731999514182293,1.09651699814682
"71",16,4.25,0.571428571428571,8,"calon guru","calon guru; emosi; pembelajaran hibrida; pembelajaran riil; praktik mengajar; identitas; karier; praktik pengajaran","calon guru; emosi; pembelajaran hibrida; pembelajaran riil; praktik mengajar; identitas; karier; praktik pengajaran","PBI",0.560597733929324,-0.02912506778817
"72",17,2,0.5,5,"modul","modul; desainer grafis; modul-el; panduan tur; sopir","modul; desainer grafis; modul-el; panduan tur; sopir","PBI",-0.731999514182293,-0.216732078777333
"73",18,3,1,4,"frasa preposisi","frasa preposisi; fungsi ucapan; iklan; slogan","frasa preposisi; fungsi ucapan; iklan; slogan","PBI",-0.157511848354908,1.09651699814682
"74",19,2,1,3,"gawai elektronik","gawai elektronik; kompetensi bahasa inggris; rumah","gawai elektronik; kompetensi bahasa inggris; rumah","PBI",-0.731999514182293,1.09651699814682
"75",20,2,1,3,"kata isian","kata isian; pidato; pidato spontan","kata isian; pidato; pidato spontan","PBI",-0.731999514182293,1.09651699814682
"76",21,2.33333333333333,1,3,"pembelajaran berbasis projek","pembelajaran berbasis projek; kepuasan; pembelajaran bahasa inggris","pembelajaran berbasis projek; kepuasan; pembelajaran bahasa inggris","PBI",-0.540503625573166,1.09651699814682
"77",22,1,1,2,"strategi topangan","strategi topangan; topangan","strategi topangan; topangan","PBI",-1.30648718000968,1.09651699814682
"78",1,5.41666666666667,0.348484848484849,12,"literasi sains","literasi sains; evaluasi; ekologi; instrumen; sistem imun; menjelaskan fenomena ilmiah; merancang penyelidikan ilmiah; sistem gerak; bioteknologi; sistem gerak manusia; buku ajar; geschool","literasi sains; evaluasi; ekologi; instrumen; sistem imun; menjelaskan fenomena ilmiah; merancang penyelidikan ilmiah; sistem gerak; bioteknologi; sistem gerak manusia","PBio",0.974071097122634,-0.893421196016462
"79",2,6.66666666666667,0.210144927536232,24,"hasil belajar","hasil belajar; motivasi belajar; pembelajaran berbasis projek; minat belajar; problem based learning; perubahan lingkungan; kooperatif; sistem ekskresi; discovery learning; flipped learning; keaktifan; animalia; kepedulian lingkungan; laboratorium virtual; tgt; tps; fenomena ilmiah; interpersonal; jaringan hewan; kecerdasan majemuk; pascapembelajaran daring; sscs; gallery walk; keanekaragaman hayati","hasil belajar; motivasi belajar; pembelajaran berbasis projek; minat belajar; problem based learning; perubahan lingkungan; kooperatif; sistem ekskresi; discovery learning; flipped learning","PBio",1.69730597182771,-1.34192300447856
"80",3,5,0.333333333333333,10,"media","media; online; video; animasi; powerpoint; digital; pemanasan global; sistem peredaran darah; sistem reproduksi manusia; game","media; online; video; animasi; powerpoint; digital; pemanasan global; sistem peredaran darah; sistem reproduksi manusia; game","PBio",0.732992805554273,-0.942542822657552
"81",4,5.41666666666667,0.318181818181818,12,"persepsi","persepsi; profil pelajar pancasila; penilaian harian; guru; karakter; kepedulian linkungan; penilaian berbasis kertas; sistem reproduksi; literasi digital; covid-19; pascapandemi; sistem regulasi","persepsi; profil pelajar pancasila; penilaian harian; guru; karakter; kepedulian linkungan; penilaian berbasis kertas; sistem reproduksi; literasi digital; covid-19","PBio",0.974071097122634,-0.991664449298638
"82",5,3.33333333333333,0.6,6,"kesulitan belajar","kesulitan belajar; biologi; komparasi; nonbiologi; hereditas; ipa","kesulitan belajar; biologi; komparasi; nonbiologi; hereditas; ipa","PBio",-0.231320360719166,-0.0780021937744255
"83",6,4.25,0.392857142857143,8,"pembelajaran berdiferensiasi","pembelajaran berdiferensiasi; kurikulum merdeka; virus; modul ajar; inovasi teknologi biologi; kesiapan; kesulitan; keterampilan 6c","pembelajaran berdiferensiasi; kurikulum merdeka; virus; modul ajar; inovasi teknologi biologi; kesiapan; kesulitan; keterampilan 6c","PBio",0.299051880731226,-0.749565003710424
"84",7,2,0.666666666666667,3,"berpikir kritis","berpikir kritis; ekosistem; learning cycle 7e","berpikir kritis; ekosistem; learning cycle 7e","PBio",-1.00277089373791,0.138132963446357
"85",8,4,1,4,"disiplin","disiplin; masa transisi; pembelajaran daring; pembelajaran luring","disiplin; masa transisi; pembelajaran daring; pembelajaran luring","PBio",0.154404905790211,1.21880874955026
"86",9,3.71428571428571,0.619047619047619,7,"program adiwiyata","program adiwiyata; hemat energi; listrik; perilaku; sumber daya air; hasil tanam; partisipasi","program adiwiyata; hemat energi; listrik; perilaku; sumber daya air; hasil tanam; partisipasi","PBio",-0.0109059227138094,-0.0162492917113454
"87",10,2,1,3,"keterampilan proses","keterampilan proses; praktikum; sistem pencernaan","keterampilan proses; praktikum; sistem pencernaan","PBio",-1.00277089373791,1.21880874955026
"88",11,1,1,2,"minat kunjungan","minat kunjungan; perpustakaan","minat kunjungan; perpustakaan","PBio",-1.58135879350198,1.21880874955026
"89",12,2,1,3,"mobilitas manusia","mobilitas manusia; model pembelajaran; sople","mobilitas manusia; model pembelajaran; sople","PBio",-1.00277089373791,1.21880874955026
"90",1,4.39393939393939,0.125,33,"novel","novel; perempuan; feminisme; tokoh utama; citra; perlawanan; diskriminasi; feminisme ideologis; feminisme marxis; terjemahan; majas perbandingan; broken home; kepribadian; penokohan; perempunan; perjuangan; respons emosi; stigma negatif; trauma kejiwaan; konflik batin; karakter; kesepadanan gramatikal; makna tokoh; memori; perjuangan hidup; surah; teks keagamaan; transmisi memori; sosial; ekologi; kekerasan; tradisi lisan; realitas sosial","novel; perempuan; feminisme; tokoh utama; citra; perlawanan; diskriminasi; feminisme ideologis; feminisme marxis; terjemahan","PBSI",0.884579354331505,-1.46045687338024
"91",2,6.05263157894737,0.137980085348506,38,"guru","guru; membaca; motivasi; identitas; membaca akademik; resiliensi; efikasi diri; keterlibatan; komprehensi; minat; korelasi; kurikulum merdeka; buku teks; kesejahteraan; persepsi diri; regulasi dari; pembelajaran daring; agensi; keyakinan epistemik; membaca kritis; sikap; kebutuhan siswa; persepsi; pencarian bantuan; profesionalisme; menulis kreatif; budaya lokal; desain mundur; experiential learning; gender; keberlanjutan; pengetahuan linguistik; manajemen emosi; religius; panti asuhan; kepemimpinan; siswa; sikap membaca","guru; membaca; motivasi; identitas; membaca akademik; resiliensi; efikasi diri; keterlibatan; komprehensi; minat","PBSI",1.96402164355978,-1.42522330920892
"92",3,3.33333333333333,0.361111111111111,9,"instagram","instagram; tuturan kebencian; bahasa gaul; kreativitas; kreativitas linguistik; fungsi bahasa; ketidaksantunan berbahasa; pembentukan bahasa; twitter","instagram; tuturan kebencian; bahasa gaul; kreativitas; kreativitas linguistik; fungsi bahasa; ketidaksantunan berbahasa; pembentukan bahasa; twitter","PBSI",0.194359044392274,-0.819549224352135
"93",4,5.59090909090909,0.229437229437229,22,"media","media; media pembelajaran; puisi; canva; modul; penutur asing; kuis; kuis interaktif; swaajar; audio visual; drama; film dokumenter; infografis; modul pembelajaran; musikalisasi puisi; teks prosedur; animasi; karya ilmiah; modul digital; keterampilan membaca; penghambat; penghambat linguistik","media; media pembelajaran; puisi; canva; modul; penutur asing; kuis; kuis interaktif; swaajar; audio visual","PBSI",1.66354227554864,-1.17696907445948
"94",5,4.44,0.163333333333333,25,"film","film; youtube; tindak tutur ilokusi; video; kesantunan berbahasa; pemilu; tindak tutur direktif; argumentasi; kebijakan publik; politik; tindak tutur komisif; wacana; campur kode; alih kode; jawa; kehidupan sehari-hari; tokoh; tuturan; remaja; dialog; program acara; cura personalis; interaksi sosial; konflik sosial; tutur tindak ilokusi","film; youtube; tindak tutur ilokusi; video; kesantunan berbahasa; pemilu; tindak tutur direktif; argumentasi; kebijakan publik; politik","PBSI",0.914554636363155,-1.35640363153803
"95",6,2.2,0.222222222222222,10,"multimodalitas","multimodalitas; cerita rakyat; cerita pendek; digital; nilai sosial; unsur intrinsik; buku; buku ajar; kerusakan alam; masalah sosial","multimodalitas; cerita rakyat; cerita pendek; digital; nilai sosial; unsur intrinsik; buku; buku ajar; kerusakan alam; masalah sosial","PBSI",-0.543190658228502,-1.19655372378043
"96",7,4.76923076923077,0.333333333333333,13,"gaya bahasa","gaya bahasa; televisi; iklan; makanan berat; makanan ringan; slogan; siniar; kerja sama; majas pertautan; majas pertentangan; maksim; acara komedi; bahasa sindiran","gaya bahasa; televisi; iklan; makanan berat; makanan ringan; slogan; siniar; kerja sama; majas pertautan; majas pertentangan","PBSI",1.12881115631001,-0.894950124237795
"97",8,5.33333333333333,0.144827586206897,30,"menulis","menulis; metakognitif; strategi metakognitif; keterampilan menulis; menulis akademik; kesadaran metakognitif; kesalahan; berbicara; instrumen; keterampilan berbicara; strategi; regulasi emosi; teks berita; penekanan kata; wordwall; curriculum vitae; fiksi; ingin tahu; kohesi gramatikal; kohesi leksikal; lamaran kerja; surat dinas; surat; regulasi motivasi; autonomi; bahasa indonesia; berinovasi; berkreasi; pengumuman; surat tugas","menulis; metakognitif; strategi metakognitif; keterampilan menulis; menulis akademik; kesadaran metakognitif; kesalahan; berbicara; instrumen; keterampilan berbicara","PBSI",1.49591734313483,-1.40663623104806
"98",9,4.58823529411765,0.257352941176471,17,"lagu","lagu; anak; emosi; album musik; lirik; bercerita; disabilitas; gaya bahasa kiasan; hiponim; keyakinan; kosakata; pantomim; sinonim; syair; tuli; teknologi; permasalah sosial","lagu; anak; emosi; album musik; lirik; bercerita; disabilitas; gaya bahasa kiasan; hiponim; keyakinan","PBSI",1.01102307497584,-1.10119376216033
"99",10,2.75,0.392857142857143,8,"berita","berita; media massa; berita daring; merdeka belajar; representasi; wacana kritis; struktur pemberitaan; penanda wacana","berita; media massa; berita daring; merdeka belajar; representasi; wacana kritis; struktur pemberitaan; penanda wacana","PBSI",-0.185262126074301,-0.733376767339952
"100",11,2,1,3,"abstrak","abstrak; modalitas; skripsi","abstrak; modalitas; skripsi","PBSI",-0.673346488102758,0.914671473018028
"101",12,3.2,0.7,5,"analisis tokoh","analisis tokoh; game; mobile legends; permainan; komik","analisis tokoh; game; mobile legends; permainan; komik","PBSI",0.107588491142773,0.100341754252908
"102",13,2,1,3,"antropologi","antropologi; budaya; legenda","antropologi; budaya; legenda","PBSI",-0.673346488102758,0.914671473018028
"103",14,3.25,1,4,"moral","moral; aspek linguistik; etika; kearifan lokal","moral; aspek linguistik; etika; kearifan lokal","PBSI",0.140127448611337,0.914671473018028
"104",15,3,1,4,"bahasa nonverbal","bahasa nonverbal; pasar tradisional; pembeli; penjual","bahasa nonverbal; pasar tradisional; pembeli; penjual","PBSI",-0.0225673387314822,0.914671473018028
"105",16,1,1,2,"baju adat","baju adat; makna simbolik","baju adat; makna simbolik","PBSI",-1.32412563747403,0.914671473018028
"106",17,2,1,3,"efek pragmatis","efek pragmatis; kitab suci; strategi retoris","efek pragmatis; kitab suci; strategi retoris","PBSI",-0.673346488102758,0.914671473018028
"107",18,1,1,2,"eksplorasi naratif","eksplorasi naratif; sosial emosional","eksplorasi naratif; sosial emosional","PBSI",-1.32412563747403,0.914671473018028
"108",19,5,0.571428571428571,8,"teks tanggapan","teks tanggapan; hasil belajar; problem based learning; kooperatif; motivasi belajar; stad; kemampuan menulis; teks persuasif","teks tanggapan; hasil belajar; problem based learning; kooperatif; motivasi belajar; stad; kemampuan menulis; teks persuasif","PBSI",1.27899096001107,-0.24865669664643
"109",20,3,0.6,6,"serial film","serial film; humor verbal; interjeksi; komedi; pancasila; pendidikan karakter","serial film; humor verbal; interjeksi; komedi; pancasila; pendidikan karakter","PBSI",-0.0225673387314822,-0.171101485335465
"110",21,1,1,2,"interferensi","interferensi; tuturan tanya","interferensi; tuturan tanya","PBSI",-1.32412563747403,0.914671473018028
"111",22,2,1,3,"kepolisian","kepolisian; register militer; tentara","kepolisian; register militer; tentara","PBSI",-0.673346488102758,0.914671473018028
"112",23,2,1,3,"komentator","komentator; makna semantis; sepak bola","komentator; makna semantis; sepak bola","PBSI",-0.673346488102758,0.914671473018028
"113",24,2,1,3,"media sosial","media sosial; pembelajaran bahasa inggris; strategi integrasi","media sosial; pembelajaran bahasa inggris; strategi integrasi","PBSI",-0.673346488102758,0.914671473018028
"114",25,2,1,3,"pendahuluan","pendahuluan; struktur argumen; tesis","pendahuluan; struktur argumen; tesis","PBSI",-0.673346488102758,0.914671473018028
"115",26,1,1,2,"strategi volisi","strategi volisi; volisi","strategi volisi; volisi","PBSI",-1.32412563747403,0.914671473018028
"116",1,5.66666666666667,0.515151515151515,12,"perbankan","perbankan; ukuran perusahaan; profitabilitas; likuiditas; kinerja keuangan; solvabilitas; nilai perusahaan; efisiensi; kebijakan hutang; dewan direksi; dewan komisaris; struktur modal","perbankan; ukuran perusahaan; profitabilitas; likuiditas; kinerja keuangan; solvabilitas; nilai perusahaan; efisiensi; kebijakan hutang; dewan direksi","PE Akuntansi",1.12827347188304,-0.203942246107083
"117",2,5.16,0.19,25,"motivasi belajar","motivasi belajar; hasil belajar; minat belajar; media; media pembelajaran; kooperatif; literasi digital; metode pengajaran; berpikir kritis; kecerdasan emosional; pedagogi reflektif; tgt; problem based learning; variasi mengajar; jigsaw; kesulitan belajar; kualitas pembelajaran; kemandirian belajar; kreativitas; make a match; pemahaman; perilaku belajar; stad; penghargaan; lingkungan sosial","motivasi belajar; hasil belajar; minat belajar; media; media pembelajaran; kooperatif; literasi digital; metode pengajaran; berpikir kritis; kecerdasan emosional","PE Akuntansi",0.798487539953274,-1.02560879391318
"118",3,6.32,0.22,25,"persepsi","persepsi; guru; literasi keuangan; kurikulum merdeka; minat; motivasi; ppg; kesejahteraan guru; kompetensi pedagogik; kompetensi profesional; akuntansi keuangan; bimbingan orang tua; perilaku keuangan; uang saku; profil pelajar pancasila; investasi; keputusan berinvestasi; kesulitan; pembelajaran berbasis projek; penilaian diagnostik; penilaian formatif; modul ajar; penilaian sumatif; perguruan tinggi; karakter","persepsi; guru; literasi keuangan; kurikulum merdeka; minat; motivasi; ppg; kesejahteraan guru; kompetensi pedagogik; kompetensi profesional","PE Akuntansi",1.55352375252931,-0.949797994069005
"119",4,3.36363636363636,0.254545454545455,11,"prestasi belajar","prestasi belajar; teman sebaya; dukungan orang tua; fasilitas belajar; kebiasaan belajar; perilaku konsumtif; distraksi smartphone; konsentrasi belajar; keterlibatan; stres; kompetensi guru","prestasi belajar; teman sebaya; dukungan orang tua; fasilitas belajar; kebiasaan belajar; perilaku konsumtif; distraksi smartphone; konsentrasi belajar; keterlibatan; stres","PE Akuntansi",-0.370753491434063,-0.862500709399949
"120",5,3.88888888888889,0.183006535947712,18,"minat menjadi guru","minat menjadi guru; lingkungan keluarga; kesiapan mengajar; kesiapan menjadi guru; efikasi diri; kompetensi kepribadian; merdeka belajar; kompetensi keguruan; profesi guru; motivasi mengajar; prestasi akademik; sikap keguruan; calon guru; flow akademik; pendidikan karakter; metode pembelajaran; lingkungan sekolah; problematika","minat menjadi guru; lingkungan keluarga; kesiapan mengajar; kesiapan menjadi guru; efikasi diri; kompetensi kepribadian; merdeka belajar; kompetensi keguruan; profesi guru; motivasi mengajar","PE Akuntansi",-0.0288701489231434,-1.04328146402937
"121",6,2,1,3,"ai","ai; chatgpt; utaut2","ai; chatgpt; utaut2","PE Akuntansi",-1.25833524602971,1.02128280187965
"122",7,4,1,4,"akuntan","akuntan; minat karier; pemahaman akuntansi; penghargaan finansial","akuntan; minat karier; pemahaman akuntansi; penghargaan finansial","PE Akuntansi",0.0434513273772419,1.02128280187965
"123",8,3,1,4,"kekerasan seksual","kekerasan seksual; relasi kuasa; sikap; victim blaming","kekerasan seksual; relasi kuasa; sikap; victim blaming","PE Akuntansi",-0.607441959326234,1.02128280187965
"124",9,2,1,3,"kinerja","kinerja; persero; perseroan terbuka","kinerja; persero; perseroan terbuka","PE Akuntansi",-1.25833524602971,1.02128280187965
"125",1,5,0.316666666666667,16,"hasil belajar","hasil belajar; problem based learning; media; media pembelajaran; partisipasi belajar; lkpd; berpikir kritis; assemblr edu; distraksi smartphone; flipped learning; kemandirian; minat belajar; inkuiri; inkuiri terbimbing; modul; modul-el","hasil belajar; problem based learning; media; media pembelajaran; partisipasi belajar; lkpd; berpikir kritis; assemblr edu; distraksi smartphone; flipped learning","PE Ekonomi",1.4165776175632,-1.2234429769029
"126",2,4.33333333333333,0.254901960784314,18,"literasi keuangan","literasi keuangan; pendapatan; e-wallet; keluarga muda; kepuasan keuangan; keputusan pembelian; perilaku keuangan; gaya hidup; pengelolaan keuangan; jumlah kendaraan; kelompok referensi; kesadaran kelestarian lingkungan; konrol diri; konsumsi bbm; uang saku; motivasi konsumen; citra merek; harga","literasi keuangan; pendapatan; e-wallet; keluarga muda; kepuasan keuangan; keputusan pembelian; perilaku keuangan; gaya hidup; pengelolaan keuangan; jumlah kendaraan","PE Ekonomi",0.910108507700589,-1.40228921352595
"127",3,4.38461538461539,0.346153846153846,13,"pertumbuhan ekonomi","pertumbuhan ekonomi; indeks pembangunan manusia; kemiskinan; pengangguran terbuka; covid-19; pandemi; belanja modal; desentralisasi fiskal; pendapatan perkapita; pengangguran; ratio gini; pertumbuhan ekonomi daerah; upah minimum","pertumbuhan ekonomi; indeks pembangunan manusia; kemiskinan; pengangguran terbuka; covid-19; pandemi; belanja modal; desentralisasi fiskal; pendapatan perkapita; pengangguran","PE Ekonomi",0.949067669997719,-1.1380597308472
"128",4,3,1,4,"angka partisipasi sekolah","angka partisipasi sekolah; lapangan kerja informal; pekerja anak; penduduk miskin","angka partisipasi sekolah; lapangan kerja informal; pekerja anak; penduduk miskin","PE Ekonomi",-0.10282971202462,0.755220942561675
"129",5,3,1,4,"budaya organisasi","budaya organisasi; iklim organisasi; kinerja guru; pelatihan kerja","budaya organisasi; iklim organisasi; kinerja guru; pelatihan kerja","PE Ekonomi",-0.10282971202462,0.755220942561675
"130",6,2,1,3,"cu","cu; keuangan; pearls","cu; keuangan; pearls","PE Ekonomi",-0.862533376818528,0.755220942561675
"131",7,4.375,0.275,16,"efikasi diri","efikasi diri; motivasi belajar; persepsi; guru; kemandirian belajar; kooperatif; orang tua; teman sebaya; stad; ekspektasi pendapatan; fasilitas belajar; kesulitan belajar; kewirausahaan; lingkungan keluarga; minat berwirausaha; lingkungan belajar","efikasi diri; motivasi belajar; persepsi; guru; kemandirian belajar; kooperatif; orang tua; teman sebaya; stad; ekspektasi pendapatan","PE Ekonomi",0.941762827067004,-1.34409321589464
"132",8,1,1,2,"fluktuasi harga","fluktuasi harga; kopi","fluktuasi harga; kopi","PE Ekonomi",-1.62223704161244,0.755220942561675
"133",9,3.66666666666667,0.416666666666667,9,"investasi","investasi; upah minimum provinsi; indeks ketimpangan gender; inflasi; lama sekolah; partisipasi angkatan kerja wanita; pengeluaran pemerintah; produk domestik regional bruto; tenaga kerja","investasi; upah minimum provinsi; indeks ketimpangan gender; inflasi; lama sekolah; partisipasi angkatan kerja wanita; pengeluaran pemerintah; produk domestik regional bruto; tenaga kerja","PE Ekonomi",0.403639397837989,-0.933882403322714
"134",10,1,1,2,"konflik pendidik","konflik pendidik; manajemen konflik","konflik pendidik; manajemen konflik","PE Ekonomi",-1.62223704161244,0.755220942561675
"135",11,2,1,3,"magang","magang; praktik pengajaran; sikap","magang; praktik pengajaran; sikap","PE Ekonomi",-0.862533376818528,0.755220942561675
"136",12,4,1,5,"minat","minat; pendidikan; penghasilan kelompok acuan; penghasilan orang tua; perguruan tinggi","minat; pendidikan; penghasilan kelompok acuan; penghasilan orang tua; perguruan tinggi","PE Ekonomi",0.656873952769289,0.755220942561675
"137",13,3,1,4,"pengguna internet","pengguna internet; perusahaan penyedia jaringan; produk domestik bruto; startup","pengguna internet; perusahaan penyedia jaringan; produk domestik bruto; startup","PE Ekonomi",-0.10282971202462,0.755220942561675
"138",1,5.8,0.466666666666667,10,"hasil belajar","hasil belajar; motivasi belajar; problem based learning; eksperimen; pemahaman konsep; alat optik; energi terbarukan; flipped learning; kalor dan perpindahan kalor; minat belajar","hasil belajar; motivasi belajar; problem based learning; eksperimen; pemahaman konsep; alat optik; energi terbarukan; flipped learning; kalor dan perpindahan kalor; minat belajar","PFis",1.58210938511825,-0.910271923687342
"139",2,3.5,0.5,8,"analisis video","analisis video; momen inersia; software tracker; bola jatuh; gerak menggelinding; viskositas gliserin; alat peraga; arduino uno","analisis video; momen inersia; software tracker; bola jatuh; gerak menggelinding; viskositas gliserin; alat peraga; arduino uno","PFis",-0.153243804382457,-0.78232205489595
"140",3,4,0.571428571428571,7,"modul-el","modul-el; heyzine; website; aplikasi; elastisitas dan hukum hooke; gerak parabola; dinamika gerak","modul-el; heyzine; website; aplikasi; elastisitas dan hukum hooke; gerak parabola; dinamika gerak","PFis",0.224006888987263,-0.508143764628679
"141",4,4.125,0.5,8,"inkuiri","inkuiri; prestasi belajar; difraksi; karakter; profil pelajar pancasila; discovery learning; kalor; disiplin belajar","inkuiri; prestasi belajar; difraksi; karakter; profil pelajar pancasila; discovery learning; kalor; disiplin belajar","PFis",0.318319562329693,-0.78232205489595
"142",5,5,1,6,"analisis bunyi","analisis bunyi; frekuensi resonansi; gamelan; logger pro; sensor bunyi; software","analisis bunyi; frekuensi resonansi; gamelan; logger pro; sensor bunyi; software","PFis",0.978508275726703,1.13692597697496
"143",6,4.33333333333333,0.6,6,"momentum dan impuls","momentum dan impuls; diskusi; eksperimen terbimbing; karakter sosial; literasi sains; peer tutoring","momentum dan impuls; diskusi; eksperimen terbimbing; karakter sosial; literasi sains; peer tutoring","PFis",0.475507351233741,-0.398472448521769
"144",7,2,1,3,"gaya magnet","gaya magnet; sensor arus; sensor gaya","gaya magnet; sensor arus; sensor gaya","PFis",-1.28499588449162,1.13692597697496
"145",8,4.27272727272727,0.4,11,"keterampilan proses","keterampilan proses; laboratorium virtual; hukum archimedes; panduan praktikum mandiri; phet; simulsi; laki-laki; perempuan; phet simulation; rangkaian listrik; usaha dan energi","keterampilan proses; laboratorium virtual; hukum archimedes; panduan praktikum mandiri; phet; simulsi; laki-laki; perempuan; phet simulation; rangkaian listrik","PFis",0.429779994461653,-1.16617166127013
"146",9,2,1,3,"karbondioksida","karbondioksida; konstanta boltzmann; persamaan umum gas ideal","karbondioksida; konstanta boltzmann; persamaan umum gas ideal","PFis",-1.28499588449162,1.13692597697496
"147",10,2,1,3,"kekeruhan air","kekeruhan air; serapan cahaya; turbidimeter","kekeruhan air; serapan cahaya; turbidimeter","PFis",-1.28499588449162,1.13692597697496
"148",1,9.21111111111111,0.0789013732833957,90,"modul","modul; pembelajaran berbasis projek; modul ajar; berpikir kritis; ips; ipa; ipas; bahasa indonesia; hots; berpikir kreatif; pembelajaran berdiferensiasi; modul pembelajaran; komunikasi; kolaborasi; kooperatif; sumber energi; literasi digital; kerja sama; pengambilan keputusan; wujud zat dan perubahannya; gotong royong; jenis pekerjaan; stad; sistem pencernaan pada manusia; gaya magnet; jigsaw; kondisi geografis indonesia; listrik; magnet; pendidikan pancasila; discovery learning; kreativitas; alat indera pada manusia dan pemeliharaannya; melihat karena cahaya; mempertahankan kedaulatan bangsa; pancasila; siklus air; perkembangbiakan tumbuhan; etika informasi; kebebasan berekspresi; bagian-bagian pada tumbuhan; berbagai peninggalan sejarah di indonesia; cahaya, bunyi, dan peristiwa alam; cerita tentang daerahku; daerahku; fotosintensis; gaya di sekitar kita; gaya terhadap benda; identitas diri; keberagaman budaya; kegiatan ekonomi; kerja sama asean; keterampilan abad-21; membangun jati diri dalam kebhinekaan; mengenal pantun; mengenal perasaan; menghargai perbedaan; pesawat sederhana; rantai makanan dan jaring-jaring makanan; sistem pernapasan pada manusia; tahap pertumbuhan manusia; saintifik; tumbuhan sumber kehidupan di bumi; pengukuran; aktivisme sosial; alat gerak dan sistem gerak hewan dan manusia; arti dan makna simbol pancasila; cahaya dan bunyi; daur hidup hewan dan tumbuhan; jurnalisme masyarakat; keamanan daring; keragaman; keseimbangan ekosistem; kewirausahaan; literasi sosial; membaca dan menulis alfabet; mengenal bagian-bagian bunga; negara kesatuan republik indonesia; privasi individu; struktur dan fungsi bagian-bagian tumbuhan; panca indera; pelestarian makhluk hidup; perkembangbiakan tumbuhan dan hewan; sistem pencernaan hewan ruminansia; sistem pernapasan manusia dan hewan; sumber daya alam hayati dan nonhayati; permasalahan lingkungan mengancam kehidupan; perubahan sosial budaya indonesia; proklamasi kemerdekaan indonesia; literasi kewirausahaan","modul; pembelajaran berbasis projek; modul ajar; berpikir kritis; ips; ipa; ipas; bahasa indonesia; hots; berpikir kreatif","PGSD",1.67702552389542,-1.04011116752595
"149",2,7.52173913043478,0.245059288537549,23,"karakter","karakter; permainan tradisional; buku pedoman; pendidikan karakter; ingin tahu; tanggung jawab; kebaikan hati; kecerdasan sosial; senang belajar; integritas; keadilan; kepemimpinan; optimisme; cerita pendek; film; kesetiakawanan; tanggung jawab sosial; berwawasan luas; keterbukaan pikiran; optimis; pengetahuan; engklek; kasti","karakter; permainan tradisional; buku pedoman; pendidikan karakter; ingin tahu; tanggung jawab; kebaikan hati; kecerdasan sosial; senang belajar; integritas","PGSD",1.06603852820149,-0.668106303715715
"150",3,1,1,2,"ekstrakurikuler","ekstrakurikuler; sains","ekstrakurikuler; sains","PGSD",-1.29264732878108,1.02210277313034
"151",4,6.38805970149254,0.0714608774310267,67,"lkpd","lkpd; problem based learning; pedagogi reflektif; kurikulum 2022; sumber daya alam; inkuiri; literasi sains; kurikulum merdeka; laboratorium virtual; perangkat pembelajaran; indahnya kebersamaan; ekosistem; pemecahan masalah; keberagaman; fotosintesis; motivasi belajar; minat belajar; berintegritas; analisis wacana kritis; buku tematik; manfaat energi; di lingkungan sekitar; kosakata; multikultural; pengendalian diri; udara bersih; pentingnya makanan sehat; aku dan kebutuhanku; analisis data; ayo cintai lingkungan; bagian tubuh tumbuhan; berhemat energi; bilangan cacah besar; empati; hak dan kewajiban; hormat; interaksi manusia dengan lingkungan; keanekaragaman sosial budaya; keberagaman makhluk hidup di lingkunganku; keberanian; kegigihan; konstitusi dan norma di masyarakat; lingkungan dan manfaatnya; manusia dan lingkungan; mengubah energi; norma dan aturan; pancasial sebagai nilai kehidupan; persatuan dalam perbedaan; percaya diri; sopan santun; toleransi; perubahan wujud zat; sudut; teks deskripsi; siklus hidup hewan; sifat-sifat cahaya; rambu-rambu petunjuk; mengukur ph; pemanasan global; pembiasan cahaya; pengaruh gaya; perubahan energi; perubahan sifat benda; sistem pernapasan manusia; hebatnya cita-citaku; jenis-jenis pekerjaan; fenomena alam","lkpd; problem based learning; pedagogi reflektif; kurikulum 2022; sumber daya alam; inkuiri; literasi sains; kurikulum merdeka; laboratorium virtual; perangkat pembelajaran","PGSD",0.656026170773778,-1.05676942086288
"152",5,5.28947368421053,0.106685633001422,38,"cerita bergambar","cerita bergambar; buku; kearifan lokal; literasi; profil pelajar pancasila; etnopedagogi; pembelajaran tematik; sbdp; tarian; upacara adat; berkebhinekaan global; kini aku menjadi lebih tertib; fungsi huruf kapital; literasi budaya; mengenal dan menghargai budaya; uma lengge; bahasa daerah; baju adat; dali ni horbo; kebudayaan; lampah mubeng beteng; mandhasiya; tas anjat; pencernaan; bayar harta; candi ijo; kain tapis lampung; musik; manfaat umbul brintik klaten; petualangan bertemu burung enggang; tradisi gumbreg bantul; tradisi labuhan merapi; tradisi sedekah bumi; tradisi kelahiran; beriman, bertakwa kepada tuhan yang maha esa, dan berakhlak mulia; beriman, bertaqwa kepada tuhan yang maha esa dan berakhlak mulia; berkebhinekaan; upacara pernikahan","cerita bergambar; buku; kearifan lokal; literasi; profil pelajar pancasila; etnopedagogi; pembelajaran tematik; sbdp; tarian; upacara adat","PGSD",0.258705877855355,-0.97790600723212
"153",6,7.97029702970297,0.064950495049505,101,"media","media; matematika; hasil belajar; media pembelajaran; perkalian; permainan; montessori; video; bilangan cacah; ppkn; kemandirian; working memory; operasi hitung; penjumlahan; buku panduan; keaktifan; pecahan; monopoli; video pembelajaran; augmented reality; bangun datar; kedisiplinan; bangun ruang; pembagian; berhitung; animasi; evaluasi; kartu; membaca; bilangan; balok; kubus; nilai tempat; papan perkalian; kesopanan; ular tangga; aktivitas jasmani; flash card; fpb; kerucut satuan; kpk; prestasi belajar; menulis; tanggap budaya; uno stacko; executive function; covid-19; pengenalan huruf; 5w+1h; adaptasi makhluk hidup; anatomi tumbuhan; budaya; eksperimen; film pendek; gerak dasar; gerak dasar menari; jaring-jaring makanan; kaptihu; kelainan dan cara memelihara alat gerak manusia; komik digital; moana; papan berhitung; pemahaman konsep; pengelolaan uang; pengembaraan adiksimba; pengurangan; peta buta; pjok; struktur tumbuhan; membaca pemula; suku kata; pmri; perkembangbiakan makhluk hidup; sotarae; tts; rantai makanan; puzzle; alat peraga; atur kemudi diri; checkerboard; goal directed persistence; indra penglihatan; inhibitory control; kartu domino; lego block numbering; mistar bilangan; pasaran; pendidikan kewarganegaraan; perbandingan; pembuatan sabun cuci tangan cair alami; physical distancing; storytelling; keterampilan berbahasa; minat; religius; saling menghargai; guru; kejujuran; kemanusiaan; permainan edukatif; toleransi beragama","media; matematika; hasil belajar; media pembelajaran; perkalian; permainan; montessori; video; bilangan cacah; ppkn","PGSD",1.22826629473455,-1.0713452772552
"154",7,5,0.142528735632184,30,"computational thinking","computational thinking; buku soal; numerasi; akm; literasi membaca; kontekstual; makanan sehat; soal; android; aplikasi; literasi menulis; olahan makanan singkong; prototipe; alat musik tradisional indonesia; benteng peninggalan bersejarah; candi buddha; desain pembelajaran; kerajaan islam di jawa; panas dan perpindahannya; udara bersih bagi kesehatan; rumah adat indonesia; kualitas soal; pra-akm; profesionalitas guru; fauna indonesia; flora indonesia; kuliner indonesia; tari tradisional; tempat wisata di indonesia; buku soal, numerasi","computational thinking; buku soal; numerasi; akm; literasi membaca; kontekstual; makanan sehat; soal; android; aplikasi","PGSD",0.154013330168233,-0.897658199041355
"155",8,5,0.355555555555556,10,"google classroom","google classroom; rancangan pembelajaran; asean; peninggalan sejarah; jenis dan persebaran sumber daya alam; keragaman suku bangsa dan budaya; keragaman suku, bangsa, dan budaya; pemanfaatan dan pemeliharaan sda; peta; script","google classroom; rancangan pembelajaran; asean; peninggalan sejarah; jenis dan persebaran sumber daya alam; keragaman suku bangsa dan budaya; keragaman suku, bangsa, dan budaya; pemanfaatan dan pemeliharaan sda; peta; script","PGSD",0.154013330168233,-0.420720263148832
"156",9,1,1,2,"anak","anak; kebugaran jasmani","anak; kebugaran jasmani","PGSD",-1.29264732878108,1.02210277313034
"157",10,1,1,2,"etnografi pedagogi","etnografi pedagogi; upacara kematian","etnografi pedagogi; upacara kematian","PGSD",-1.29264732878108,1.02210277313034
"158",11,2.33333333333333,1,3,"systematic literature review","systematic literature review; habits of mind; sekolah dasar","systematic literature review; habits of mind; sekolah dasar","PGSD",-0.810427109131309,1.02210277313034
"159",12,4.75,1,4,"ramah lingkungan","ramah lingkungan; kata baku; kata tidak baku; kegiatan pembelajaran","ramah lingkungan; kata baku; kata tidak baku; kegiatan pembelajaran","PGSD",0.0635970389839008,1.02210277313034
"160",13,3,1,4,"lagu anak","lagu anak; pemahaman; perubahan wujud benda; semangat","lagu anak; pemahaman; perubahan wujud benda; semangat","PGSD",-0.569316999306423,1.02210277313034
"161",1,5.27777777777778,0.261437908496732,18,"lkpd-el","lkpd-el; lkpd; reaksi redoks; quizizz; inkuiri; aplikasi; problem based learning; savi; etnokimia; korosi; pogil; sel volta; ikatan kovalen; larutan asam basa; hasil belajar; tts; wizer.me; kimia unsur","lkpd-el; lkpd; reaksi redoks; quizizz; inkuiri; aplikasi; problem based learning; savi; etnokimia; korosi","PKim",1.36401448850811,-1.19451130430263
"162",2,5.55555555555556,0.611111111111111,9,"praktikum","praktikum; nanoteknologi; modul; nanopartikel; bioreduktor; green chemistry; green synthesis; digital; komik","praktikum; nanoteknologi; modul; nanopartikel; bioreduktor; green chemistry; green synthesis; digital; komik","PKim",1.64128623486903,-0.249391726037128
"163",3,3,1,4,"antibakteri","antibakteri; bioteknologi; ekstrak etanol; fraksi n-heksan","antibakteri; bioteknologi; ekstrak etanol; fraksi n-heksan","PKim",-0.90961383165142,0.801722571286194
"164",4,3.71428571428571,0.252747252747253,14,"modul-el","modul-el; kurikulum merdeka; discovery learning; asam basa; hakikat ilmu kimia; kerja ilmiah; keaktifan; perkembangan teori atom; articulate stroyline; bahan ajar; laju reaksi; bookwidgets; larutan penyangga; senyawa hidrokarbon","modul-el; kurikulum merdeka; discovery learning; asam basa; hakikat ilmu kimia; kerja ilmiah; keaktifan; perkembangan teori atom; articulate stroyline; bahan ajar","PKim",-0.196629341009065,-1.21800097647479
"165",5,3.15384615384615,0.205128205128205,13,"ar","ar; kimia hijau; modul ajar; bentuk molekul; media pembelajaran; praktikum virtual; pembelajaran berbasis projek; assemblr edu; hologram; petunjuk praktikum; sintesis plastik; hidrokarbon; sistem koloid","ar; kimia hijau; modul ajar; bentuk molekul; media pembelajaran; praktikum virtual; pembelajaran berbasis projek; assemblr edu; hologram; petunjuk praktikum","PKim",-0.756047941359223,-1.34670884961642
"166",6,3,1,4,"faktor pengaruh laju reaksi","faktor pengaruh laju reaksi; instrumen; miskonsepsi; penilaian diagnostik","faktor pengaruh laju reaksi; instrumen; miskonsepsi; penilaian diagnostik","PKim",-0.90961383165142,0.801722571286194
"167",7,4.5,1,4,"hidrolisis garam","hidrolisis garam; multimedia; ispring suite; powerpoint","hidrolisis garam; multimedia; ispring suite; powerpoint","PKim",0.587653598697535,0.801722571286194
"168",8,4,1,5,"kartu","kartu; media; prestasi belajar; question card; team quiz","kartu; media; prestasi belajar; question card; team quiz","PKim",0.0885644552478831,0.801722571286194
"169",9,3,1,4,"laboratorium virtual","laboratorium virtual; pemahaman konsep; pergeseran kesetimbangan kimia; website","laboratorium virtual; pemahaman konsep; pergeseran kesetimbangan kimia; website","PKim",-0.90961383165142,0.801722571286194
"170",1,8.44117647058824,0.17825311942959,34,"pemahaman konsep","pemahaman konsep; media; desmos; media pembelajaran; hasil belajar; minat belajar; plsv; akm; bentuk aljabar; fungsi kuadrat; android; alat peraga; game; hubungan antarsudut; kesebangunan; teorema pythagoras; google sites; kahoot; keaktifan belajar; kecepatan dan debit; kognitif; kuis; lectora inspire; mathigon; musik; mit app inventor; saintifik; grafik; game edukasi; motivasi belajar; komik-el; komunikasi matematis; literasi digital; penggunaan handphone","pemahaman konsep; media; desmos; media pembelajaran; hasil belajar; minat belajar; plsv; akm; bentuk aljabar; fungsi kuadrat","PMat",1.81965961352944,-1.13367431977995
"171",2,6.91111111111111,0.108080808080808,45,"etnomatematika","etnomatematika; modul; modul ajar; lkpd; modul-el; batik; trigonometri; modul pembelajaran; handout; makanan; segi empat; spldv; spltv; koneksi matematis; motivasi; perbandingan; candi; anyflip; aplikasi; bangun ruang; gereja; harga; kurikulum merdeka; literasi; museum; etnosteam; garis dan sudut; kain tenun; kecakapan abad 21; manajemen otak; mind mapping; transformasi geometri; persamaan linear; situs; tari; aktivitas fundamental matematika; aktivitas fundamental matematis; gamelan; kaidah pencacahan; perkawinan; kesenian jaranan; tradisi adat; bangunan tradisional; rumah adat; tradisi ruwat","etnomatematika; modul; modul ajar; lkpd; modul-el; batik; trigonometri; modul pembelajaran; handout; makanan","PMat",1.25292438047504,-1.30348065492252
"172",3,7.18421052631579,0.122332859174964,38,"pemecahan masalah","pemecahan masalah; literasi matematika; problem based learning; bangun ruang sisi datar; kontekstual; statistika; aktivitas pembelajaran; mathcitymap; bahan ajar; bangun datar; pisa; bilangan bulat; peluang; ai; bingo; chatgpt; kerja sama; lingkungan; ruang dan bentuk; ukuran pemusatan data; soal; rangkaian pembelajaran; efikasi diri; gaya belajar; math trail; metakognisi; olahraga; perubahan dan hubungan; sptldv; sosial ekonomi; anuitas; kesulitan belajar; perbandingan berbalik nilai; persamaan kuadrat; literasi finansial; pendidikan multikultural; remediasi; permainan tradisional","pemecahan masalah; literasi matematika; problem based learning; bangun ruang sisi datar; kontekstual; statistika; aktivitas pembelajaran; mathcitymap; bahan ajar; bangun datar","PMat",1.35408022964474,-1.26899285598806
"173",4,6.52173913043478,0.221343873517787,23,"berpikir kritis","berpikir kritis; berpikir kreatif; pembelajaran berbasis projek; computational thinking; robotika; kolaborasi; aljabar; komunikasi; etno-stem; pembelajaran steam; persamaan garis lurus; program linear; steam; open ended; balok dan limas; gender; geometri ruang; globalisasi; keberlanjutan; soal cerita; penalaran matematis; kerajinan; pembelajaran stem","berpikir kritis; berpikir kreatif; pembelajaran berbasis projek; computational thinking; robotika; kolaborasi; aljabar; komunikasi; etno-stem; pembelajaran steam","PMat",1.10870124723003,-1.0294012398485
"174",5,5.94117647058824,0.213235294117647,17,"pmri","pmri; representasi matematis; disposisi matematis; barisan; deret; angklung; aritmetika; arsitektur; pembelajaran berdiferensiasi; refleksi; tata ruang rumah; bilangan berpangkat; kecerdasan logis; neurosains; nilai mutlak; logika proposisi; menggunakan data","pmri; representasi matematis; disposisi matematis; barisan; deret; angklung; aritmetika; arsitektur; pembelajaran berdiferensiasi; refleksi","PMat",0.893661208389305,-1.04902277040215
"175",6,5.59259259259259,0.142450142450142,27,"numerasi","numerasi; geogebra; lkpd-el; video; segitiga; discovery learning; hots; bangun ruang sisi lengkung; dimensi tiga; kesalahan; video pembelajaran; irisan dua lingkaran; animasi; balok dan kubus; elpsa; keaktifan; kekongruenan; teori nolting; spasial; perangkat pembelajaran; video interaktif; adversity quotient; calon guru; korelasi; literasi data; model newman; penyajian data","numerasi; geogebra; lkpd-el; video; segitiga; discovery learning; hots; bangun ruang sisi lengkung; dimensi tiga; kesalahan","PMat",0.764545962356692,-1.22031208603303
"176",7,1,1,2,"metakognitif-diskursif","metakognitif-diskursif; sistem kategori","metakognitif-diskursif; sistem kategori","PMat",-0.936547404122956,0.854828317833664
"177",8,4.77777777777778,0.179487179487179,27,"python","python; covid-19; numeris; penambangan data; pendidikan; runge-kutta; metode hungarian; penugasan; jadwal; mengajar; new improved ones assignment; prediksi; seir; vaksinasi; adams-bashforth; epidemiologi; hukum pendinginan newton; jaringan kerja; moodle; pert; proposal; runga kutta fehlberg; waktu kematian; regresi logistik; algoritma gale-shapley; random forest; naive bayes","python; covid-19; numeris; penambangan data; pendidikan; runge-kutta; metode hungarian; penugasan; jadwal; mengajar","PMat",0.462739074755466,-1.13068808187932
"178",9,5.14285714285714,0.476190476190476,7,"permainan","permainan; translasi; antusiasme; engklek; rancangan pembelajaran; bentuk geometris; kartu","permainan; translasi; antusiasme; engklek; rancangan pembelajaran; bentuk geometris; kartu","PMat",0.597964238680689,-0.412711169483105
"179",10,1,1,2,"aritmetika sosial","aritmetika sosial; kecakapan vokasional","aritmetika sosial; kecakapan vokasional","PMat",-0.936547404122956,0.854828317833664
"180",11,2,1,3,"ivam","ivam; ram; transportasi","ivam; ram; transportasi","PMat",-0.566148042066903,0.854828317833664
"181",12,1,1,2,"klasifikasi","klasifikasi; support vector machine","klasifikasi; support vector machine","PMat",-0.936547404122956,0.854828317833664
"182",13,1,1,2,"minimum spanning tree","minimum spanning tree; potensi perolehan","minimum spanning tree; potensi perolehan","PMat",-0.936547404122956,0.854828317833664
"183",14,1,1,2,"optimalisasi antrean","optimalisasi antrean; sistem antrean","optimalisasi antrean; sistem antrean","PMat",-0.936547404122956,0.854828317833664
"184",15,2,1,3,"orang tua","orang tua; persepsi; semangat belajar","orang tua; persepsi; semangat belajar","PMat",-0.566148042066903,0.854828317833664
"185",16,1,1,2,"pajak kendaraan","pajak kendaraan; teori antrean","pajak kendaraan; teori antrean","PMat",-0.936547404122956,0.854828317833664
"186",17,1,1,2,"peta","peta; pewarnaan graf","peta; pewarnaan graf","PMat",-0.936547404122956,0.854828317833664
"187",18,2,1,3,"skripsi","skripsi; stres akademik; studi kasus","skripsi; stres akademik; studi kasus","PMat",-0.566148042066903,0.854828317833664
"188",1,5.25,0.158730158730159,28,"media","media; prestasi belajar; hasil belajar; kooperatif; pembelajaran berbasis projek; infografis; discovery learning; komik; two stay two stray; pluralisme; akulturasi budaya islam; brosur; inside outside circle; komik digital; leaflet; microsoft sway; minat belajar; stad; quizziz; flipped learning; e-booklet; example non example; jepang; media populer; mind mapping; motivasi belajar; media sosial; problem based learning","media; prestasi belajar; hasil belajar; kooperatif; pembelajaran berbasis projek; infografis; discovery learning; komik; two stay two stray; pluralisme","PSej",2.08478070372095,-1.90276607874498
"189",2,4.47058823529412,0.220588235294118,17,"nasionalisme","nasionalisme; sejarah lokal; budaya; film; buku teks; film dokumenter; peran gereja katolik dalam mempertahankan kemerdekaan indonesia; jathilan; maket; sumber belajar; peristiwa rengasdengklok; bahan ajar tambahan; situs ratu boko; suplemen materi; wacana; akurasi; dinamika","nasionalisme; sejarah lokal; budaya; film; buku teks; film dokumenter; peran gereja katolik dalam mempertahankan kemerdekaan indonesia; jathilan; maket; sumber belajar","PSej",1.49710680841619,-1.72280206338092
"190",3,3,1,4,"asesmen pembelajaran","asesmen pembelajaran; hots; proklamasi kemerdekaan indonesia; wizer.me","asesmen pembelajaran; hots; proklamasi kemerdekaan indonesia; wizer.me","PSej",0.388288138029837,0.544744530206275
"191",4,4.45,0.205263157894737,20,"pendidikan karakter","pendidikan karakter; pemikiran; interaktif; karakter; buku; detik-detik proklamasi kemerdekaan; lkpd; lkpd-el; nasional; pop up book; sumpah pemuda 1928; audio visual; ki hajar dewantara; masa kemerdakaan; profil pelajar pancasila; upaya bangsa indonesia dalam menghadapi ancaman disintegrasi bangsa; vlog; mary wollstonecraft; outdoor learning; literasi","pendidikan karakter; pemikiran; interaktif; karakter; buku; detik-detik proklamasi kemerdekaan; lkpd; lkpd-el; nasional; pop up book","PSej",1.48158334703078,-1.76738738865701
"192",5,2,1,3,"bahan ajar","bahan ajar; majalah sejarah; perang konvoi inggris di cianjur","bahan ajar; majalah sejarah; perang konvoi inggris di cianjur","PSej",-0.36570855783288,0.544744530206275
"193",6,2,1,3,"belanda","belanda; konflik; perang batak","belanda; konflik; perang batak","PSej",-0.36570855783288,0.544744530206275
"194",7,3,1,4,"borobudur","borobudur; fauna; flora; jawa kuno","borobudur; fauna; flora; jawa kuno","PSej",0.388288138029837,0.544744530206275
"195",8,1,1,2,"buruh","buruh; rm suryopranoto","buruh; rm suryopranoto","PSej",-1.1197052536956,0.544744530206275
"196",9,2,1,3,"dewi sartika","dewi sartika; pendidikan wanita; prakarsa","dewi sartika; pendidikan wanita; prakarsa","PSej",-0.36570855783288,0.544744530206275
"197",10,3,1,4,"diplomasi","diplomasi; mataram; perang batavia; sultan agung","diplomasi; mataram; perang batavia; sultan agung","PSej",0.388288138029837,0.544744530206275
"198",11,1,1,2,"enkulturasi","enkulturasi; multikultural","enkulturasi; multikultural","PSej",-1.1197052536956,0.544744530206275
"199",12,2,1,3,"erma motong rua","erma motong rua; kuwu; perang rampas","erma motong rua; kuwu; perang rampas","PSej",-0.36570855783288,0.544744530206275
"200",13,3.4375,0.208333333333333,16,"perempuan","perempuan; perjuangan; kartini; ham; hasan basri; kalimantan; nkri; orde baru; pelopor; pendidikan perempuan; feminisme; kemerdekaan indonesia; nyai ageng serang; rakyat bandung; prajurit; poetri mardika","perempuan; perjuangan; kartini; ham; hasan basri; kalimantan; nkri; orde baru; pelopor; pendidikan perempuan","PSej",0.718161692469776,-1.75845531170776
"201",14,5.0625,0.275,16,"media pembelajaran","media pembelajaran; sejarah; kurikulum merdeka; heroisme; linktree; pergerakan nasional indonesia; website; modul; modul pembelajaran; wabah penyakit di indonesia; perang diponegoro; ppt morph; fenomenologi; pengalaman belajar; gpib marga mulya; studi kasus","media pembelajaran; sejarah; kurikulum merdeka; heroisme; linktree; pergerakan nasional indonesia; website; modul; modul pembelajaran; wabah penyakit di indonesia","PSej",1.94340632324669,-1.56450164080974
"202",15,2,1,3,"jugun ianfu","jugun ianfu; pasar kembang; pendudukan jepang","jugun ianfu; pasar kembang; pendudukan jepang","PSej",-0.36570855783288,0.544744530206275
"203",16,1,1,2,"kemerdekaan","kemerdekaan; sultan hamengkubuwono ix","kemerdekaan; sultan hamengkubuwono ix","PSej",-1.1197052536956,0.544744530206275
"204",17,2,1,3,"kh noer ali","kh noer ali; perjuangan nasional; santri","kh noer ali; perjuangan nasional; santri","PSej",-0.36570855783288,0.544744530206275
"205",18,2,1,3,"kiai saddrachi","kiai saddrachi; kristen; pribumisasi","kiai saddrachi; kristen; pribumisasi","PSej",-0.36570855783288,0.544744530206275
"206",19,1,1,2,"kongregasi spm amersfoort","kongregasi spm amersfoort; pendidikan kristiani","kongregasi spm amersfoort; pendidikan kristiani","PSej",-1.1197052536956,0.544744530206275
"207",20,2,NA,1,"pedagogi reflektif","pedagogi reflektif","pedagogi reflektif","PSej",-0.36570855783288,NA
"208",21,2,1,3,"pemberontakan","pemberontakan; pki; tentara","pemberontakan; pki; tentara","PSej",-0.36570855783288,0.544744530206275
"209",22,1,1,2,"sosial politik","sosial politik; taring padi","sosial politik; taring padi","PSej",-1.1197052536956,0.544744530206275
